-- Наполнение таблицы мест (places)
INSERT INTO places (id, place_name, max_visitors) VALUES
(1, 'Концертный зал "Олимп"', 1000),
(2, 'Театр "Сфера"', 500),
(3, 'Клуб "Энергия"', 300),
(4, 'Стадион "Авангард"', 5000),
(5, 'Кинотеатр "Звезда"', 200);

-- Наполнение таблицы мероприятий (events)
INSERT INTO events (id, place, event_name, event_time, event_duration, price) VALUES
(1, 1, 'Рок-фестиваль "Весна 2024"', '2024-05-15 19:00:00', 180, 2500.00),
(2, 2, 'Спектакль "Ревизор"', '2024-05-20 18:30:00', 120, 1500.00),
(3, 3, 'DJ Set: Electronic Night', '2024-05-25 22:00:00', 240, 800.00),
(4, 1, 'Джазовый концерт', '2024-06-01 20:00:00', 90, 1200.00),
(5, 4, 'Футбольный матч: Локомотив vs Спартак', '2024-06-10 16:00:00', 120, 3000.00),
(6, 5, 'Премьера фильма "Последний рубеж"', '2024-05-18 14:00:00', 150, 500.00),
(7, 2, 'Балет "Лебединое озеро"', '2024-06-05 19:00:00', 135, 2000.00);

-- Наполнение таблицы билетов (tickets)
INSERT INTO tickets (id, event, ticket_status, created_at) VALUES
(1, 1, 'available', '2024-04-01 10:00:00'),
(2, 1, 'available', '2024-04-01 10:00:00'),
(3, 1, 'booked', '2024-04-02 11:30:00'),
(4, 1, 'sold', '2024-04-03 14:20:00'),
(5, 2, 'available', '2024-04-01 09:00:00'),
(6, 2, 'available', '2024-04-01 09:00:00'),
(7, 2, 'available', '2024-04-01 09:00:00'),
(8, 3, 'sold', '2024-04-05 16:45:00'),
(9, 3, 'sold', '2024-04-05 16:45:00'),
(10, 3, 'available', '2024-04-05 16:45:00'),
(11, 4, 'available', '2024-04-06 12:00:00'),
(12, 5, 'booked', '2024-04-07 15:30:00'),
(13, 5, 'available', '2024-04-07 15:30:00'),
(14, 6, 'available', '2024-04-08 10:20:00'),
(15, 7, 'sold', '2024-04-09 18:00:00');
